<?xml version="1.0" encoding="UTF-8"?>
<project-private xmlns="http://www.netbeans.org/ns/project-private/1">
    <editor-bookmarks xmlns="http://www.netbeans.org/ns/editor-bookmarks/2" lastBookmarkId="3">
        <file>
            <url>src/RegisterOrder/ControlRegisterOrder.java</url>
            <bookmark id="2">
                <name/>
                <line>34</line>
                <key/>
            </bookmark>
        </file>
        <file>
            <url>src/DAO/SalesSummaryRelatedViewDAO.java</url>
            <bookmark id="3">
                <name/>
                <line>281</line>
                <key/>
            </bookmark>
        </file>
        <file>
            <url>src/DAO/OrderDAO.java</url>
            <bookmark id="1">
                <name/>
                <line>178</line>
                <key/>
            </bookmark>
        </file>
    </editor-bookmarks>
    <open-files xmlns="http://www.netbeans.org/ns/projectui-open-files/2">
        <group>
            <file>file:/G:/共有ドライブ/進級製作%E3%80%80G15_作業用/発表/India%20A%20Curry/src/modelSql/CreateSummaryRelatedView.sql</file>
            <file>file:/G:/共有ドライブ/進級製作%E3%80%80G15_作業用/発表/India%20A%20Curry/src/procedure/SumSalesProcedure.sql</file>
            <file>file:/G:/共有ドライブ/進級製作%E3%80%80G15_作業用/発表/India%20A%20Curry/src/aggregateBC/ControlAggregate.java</file>
            <file>file:/G:/共有ドライブ/進級製作%E3%80%80G15_作業用/発表/India%20A%20Curry/src/modelSql/CreateInvoiceView.sql</file>
            <file>file:/G:/共有ドライブ/進級製作%E3%80%80G15_作業用/発表/India%20A%20Curry/src/loginBC/ControlLogin.java</file>
            <file>file:/G:/共有ドライブ/進級製作%E3%80%80G15_作業用/発表/India%20A%20Curry/src/DAO/SalesSummaryRelatedViewDAO.java</file>
        </group>
    </open-files>
</project-private>
