<?xml version="1.0" encoding="UTF-8"?>
<project-private xmlns="http://www.netbeans.org/ns/project-private/1">
    <editor-bookmarks xmlns="http://www.netbeans.org/ns/editor-bookmarks/2" lastBookmarkId="3">
        <file>
            <url>src/RegisterOrder/ControlRegisterOrder.java</url>
            <bookmark id="2">
                <name/>
                <line>34</line>
                <key/>
            </bookmark>
        </file>
        <file>
            <url>src/DAO/SalesSummaryRelatedViewDAO.java</url>
            <bookmark id="3">
                <name/>
                <line>281</line>
                <key/>
            </bookmark>
        </file>
        <file>
            <url>src/DAO/OrderDAO.java</url>
            <bookmark id="1">
                <name/>
                <line>178</line>
                <key/>
            </bookmark>
        </file>
    </editor-bookmarks>
    <open-files xmlns="http://www.netbeans.org/ns/projectui-open-files/2">
        <group>
            <file>file:/C:/vm/AW/India%20A%20Curry/src/systemMenuBC/ControlSystemMenu.java</file>
            <file>file:/C:/vm/AW/India%20A%20Curry/src/editProductBC/ControlEditProduct.java</file>
            <file>file:/C:/vm/AW/India%20A%20Curry/src/registerOrderBC/BoundaryEditAddress.java</file>
            <file>file:/C:/vm/AW/India%20A%20Curry/src/registerOrderBC/ControlRegisterOrder.java</file>
            <file>file:/C:/vm/AW/India%20A%20Curry/src/registerOrderBC/BoundaryRegisterOrder.java</file>
            <file>file:/C:/vm/AW/India%20A%20Curry/src/registerSpecialProductBC/BoundaryRegisterSpecialProduct.java</file>
            <file>file:/C:/vm/AW/India%20A%20Curry/src/loginBC/ControlLogin.java</file>
            <file>file:/C:/vm/AW/India%20A%20Curry/src/loginBC/BoundaryLogin.java</file>
            <file>file:/C:/vm/AW/India%20A%20Curry/src/orderStatusBC/ControlOrderStatus.java</file>
            <file>file:/C:/vm/AW/India%20A%20Curry/src/orderStatusBC/BoundaryOrderStatus.java</file>
            <file>file:/C:/vm/AW/India%20A%20Curry/src/registerProductBC/ControlRegisterProduct.java</file>
        </group>
    </open-files>
</project-private>
